anRYeSQjelRlYW0gSURhZ1hNcWpD,VVkxQipiMDE3NTZwc0F8TTh3,clpaejtPfk9TQ01sOnhofg==,fDtrPnBwLVdpbmRvd3N3b1dsbzNv
eC9ILi1XPUZvciBtYXplMDAuanBnd3VZQERWJA==,R29+bCFucDEwMGVxdih7dVI=
dyYhdn43PTdXM051VDcn,dFJkeUpGeDMlSyNBfG8m,J31oOmpMRjEwej52Rmpzaw==,TDZJIiRiTTEwbURWLTNKTw==,R2FvVDprNzY+LFJxNV0+,LkZeNUU9QzNpQ0Qhen1C,SX5ebil8PjEwMSgtNzwjYQ==,eEFbcz1KZjZzWVw0ZGVk,O0FYcV1CVTMuUT47UXNO,c3hJe0kqTjZFPEhCQFcj
VVo5IT1hZDEtSGI6VU1O,PipGUVNuQjEyZnJzWEstWQ==,P29QfktMUzN2aS1zOy50,bVxzTTIwUzEwTWg2YGFbOg==,SUI+SWtzITEya05RQjkpWA==,aytyQn1IKDVEZ1R+Ynhf,LEAuKz46UzcydT9JUSwu,WSxBIlE4TjlGTj5yYGd6,RlB4WWN4LzEyLi9JdEA6Lw==,aVRsVWt1WTVJLFMjZFFU
Nj1ZPEcjJzEtRy45Ym1J,X0leT0sxOjE0TWYhXkpYJQ==,QHNES0pFbjltRzApRDBX,NHolUSsyYzZod3cqTSc3,ank2UEE3czdGfXhPJyl0,JnA9OFMqUjVrJE1cN3sp,WDR9UDwoLzlUOlw4eHFe,eEAhPGdAOjEwZzIvVzpoZQ==,bC4nZ2tgaTZEJlQ+ezZZ,QG9EcnpJdTVxMTt6Zjhi
JXN1JmUhcTVtd2o6dltp,XUM3aSFGYTN2VVwkTUVf,cFU0anNtYTZ7I3k7Tnkh,KSJdXnVMPzVqPE51L3Bl,IWx5JjhhNjVCa0NHMj9q,UTU0eEgoaDliNEo9YSR3,QSk4OyIlaTZHZ1tYO15Y,JWlXVj40KjNXIzQ6PyRX,N10zQWkpWjEyLmo5fFM5Zw==,WE5ybzw8YjVzVDpVVmBv
XCNRPlpbfTVval0rWFto,fDc4RSgoeDV1IUVGQkBr,eH5wKSklTjlLRX1+V3Ev,bzMmYzxGVDEybz1pbHw8cA==,cncyTS8vPTEjbitqaity,PUsiQ05aaTE0SltnX3pGZQ==,dGsnYlVGejlxcjIrVmc9,XyQ3Yzg5MzQnPSNvc097,dXY2RW48QjNAbVckPigi,XkR8LjtKezRPXWRTaCdz
XGNcRzxbNjV7O3wzaWVF,OnJeYUlKbjlwYUo6cj5d,RiE7I3Q3WTY5cndaQEEi,O0V9UnJIJTc5JyYkQl5P,QUxzTlx6OTFEaWBcM2NP,cmhoMkF4QjEwW18hN3NNNw==,NzshSC4zaDEwfWUkJ3MnYA==,TFQrX0JnTTEyMVZmLUhYXw==,VSsjK0R3RTVCdS1hMk4y,J31RdGY0ZzEzUURGKzxWZw==
K1FFJT5WMzljU3Exd29E,Km1IeXJxMjZ6Ino5L205,RUpDdTU9RzVvXFo2dCYl,ay9kMSZcYzFwMk5jZVJK,Szc2cGxLXDh0RzRFT20q,PihpKXtzLDEwXkVvLjY+bQ==,XUVtQi55RTEwYFI7ZTQoew==,KGh2aC1YPzE0YTBvZH1abw==,M25JWiw1IzkpVWBEZ3FR,ZG59Z3ppMzZDWVtIbWQi
dnVcKW5kSTcoPkZjbEQj,dGg8UGhAPDV3MkJIajQm,aTtjSUhDaDVQfk54eDNP,LV9OJUhDRzl7aD45RT0n,Sms5dU9OajZpdydxNid4,Tn1NZzJpPDMuZyshKUlZ,JDo9SFx0WTZpR3BIdVA7,ezE4dE5sSTNDcTtBe3Jq,NE1nanVncjYxJDJUWm9S,O0BcOGxrTTU4fjt+RWxP
fl5lKjBqcDVSTT54W0Ix,Vj0yTVIpcTUjQ2U9RT9S,aiY+MS9nJjlyeTluJGkp,ZEt1IVYsaDE0UWd1ZThEKQ==,MWpxTXtjTDEzSTIweEpPIQ==,QjxEdnFwcTVtZjYyZ01e,c0xVOzNbMjl1TSonSldT,UVQ4bigqQjEyL3dnd2pILg==,YiZHPjdEOjV1M2dNRDV4,VCwpLjNOWjUlPjMzNSFv
eTlIeDBrUjlANjZ6SXkk,IzM2X1IvazgtRyFXZG1c,WTFDMF1TZDEwMFpIITc7Sw==,OyROQSV5QDEwdWo4JHZhVQ==,XWArK0U0WjEwZ3M2R1MtYg==,OjY2MmxRPzEyYGwxez4mSw==,T31VM2BEIjExImUvQEt2Sg==,bGgzS1FPTDEwaFlcPVtAJw==,b042NXthNDhGKFQrNjhT,NnBpcnNbXjEyKGBiQ3pnZA==
bipDQGsxVUZvciBtYXplMDEuanBnanU9fSsnYg==,O1VhT2RUXjEwMF9rc3lfd3c=
OCpBJGh2Yzc+aE5pKEVm,TXVvaCJ5WDExbmBbfX1ILA==,Ryo8OmJRTDIlTDAybUF8,PWs0MmQ8VjJIS2JAWy1F,V20+UT5lSTZbRnYpTV0o,dFh5Il9FSjdReEByOTo/,XzJBZm58XTNlfCkqeVNp,TVp4XnZbMDE0SHw9dSNtRw==,U0R0Q3FjPTcrT1QrIjtc,J18yM15waDdUImBFSVk6
byQmNVRXKDkmLnY8TyVF,fWdKKyQvVDEwTlxuQyY0Lg==,Mn54Om0zbjRmKXFHMH5b,b1crXXo7VzEzIy5AUHcheg==,MFslflE9bzEzTUVFKSUwNA==,Kj9VNUp1Wzk8JF4jUGMi,I0Q5VzstJDBmbXxPeD1X,WnMpOHYrMDEwM0FYVSJjOg==,TjByTU84azBlNiIrOGpK,KlhhQiUoPTR9U1xASkxa
UklFNEJ1IzNEMEJ3Kktp,I0ZIWD14OjE0N3hpSl5gJQ==,Lz4oXSQyOzFoNT1aeF9c,OWNTMFUnRDJ0Kj95aDpw,eyFUVV1EKjE0O20oe3FTdQ==,KyMoOFN4WzExUTxvcSFjPg==,Qi0nb1R6dzBXNCtUb3pr,YjFOWDpVJjE0YCwsIyUzbw==,LktASHJASDEzLyhOVHJjOg==,KSNLanlPKjEzW3g2aE1xUg==
MHdPbV46eDFDTzMuIzZf,I0FYdE8zfDJ2PXooMitS,VUx9ci5kTzEyVUxUSFlZaA==,M0d9fVcyUjEzYHFDJl56XA==,cDErLzUifjExVTw8TDUrJA==,P3RwLnBFPzI+YSNqMHRJ,MHosKW96UTEyTyt8VGxeTQ==,LXped3gueDc/ciEnV0sx,Q0JedHssaDducWNfcE9f,YEQtJ3pzQzd2NkZFLD48
LSdrXiNSLTVCfS4wSW9Z,SC56W2Y8dTE3ME5KTkJE,Tn1uMWU3TzE0SC9JfTN2dA==,RTdAR3FEfjclSiQ0c1R1,S0t9PWVqYDNNMWBQXCQw,UTpdLys+ajhQfWZjL3hK,cTw3eH1LdTEwPyUuaDg8NA==,PTUkQ292ajh2NDNodi9K,NElXPUFOLDhPXFpDdDpY,SjtqOTBAJzR2Yk1vODZ+
WWpGLCNoKjU0OX01WTMu,QiVGLGIhbDEzQn5LSH4keQ==,YS1zOmxYTDckXH1nP2tL,alJ9ajArcDFFOFxoOWxk,K2InNlkuYzEyKW1iYl9EdQ==,NE06JEtwNDN9a1spJD0x,XUBkRTwxVDEweDtHN3wnSA==,anU7U1FPbjE0RThrZCRaUA==,TE94dmd2QzExezs1fDpCdQ==,Nyw8eXBHIzEycUZCe3t1Mw==
V1c5OGlcLzVNWStBZXRY,W0p+LntJITd3InxDTnlL,WEM+T30mezE8cCxXZ1Mi,KiFBa1NINjhafkxvYF19,bEJCJV1vZTJbfV5ifW8i,XiNnXFM4RjhRfSZGR1k6,MDNrLG4hTzIrdWUjY0hE,UUIySX4qeDE0OHxqRnUrZw==,RkBeNixTVzdMZmB0Lmpv,Zz5SRjFVKDc9aSFQQGJ5
Z00mNnowUDkvUUZcQXA/,I0I4KEthTDg0dHgxOG1+,XmR3JT1mOzRzYm9FQENh,S2FMXmxHfDdFdn1qYUlH,bGI8TEFtUzEzOE1VXUk8Xw==,Vz0vL2B2fTdGLENgd3Nh,WntlajQhSTEzfkhnPEJ9OQ==,dklcMH44Ozc2ezJKPX1D,XmFhMCkyYTEtPF40eGhj,ZS9pfik1YTEyQHshY2hEXw==
M3x6X1RBNTExflpPRmg9dg==,ZVQnbXdxbTYsTlpUZnJL,a1dAcHhgcDElW0RLX3RD,JS8qJXZVbjhHYj5MUjpR,ImI6Sj9FazEwI1gofjs/Mw==,UUVvWns5cDBCZyJJLEJ1,aHQ/IXI1KDJXWHtkVlMm,JEF+MUMzTDBLbz9TUVtE,bk1MW0UuJzgrbD0uJEQ3,bF5CRHlGRzE0InM8eDolIQ==
PCNjX11FQzExaFhRdXZAMA==,ZFc8WllxLzhFJkxLSUV3,PlAraCZUSDh8WEouKDR4,bT0vUD10ZTEwOyl4TSdbfQ==,ZzxsJHhYYzE0dVM0WSF7aQ==,L1B3T3xLTzEzJTdse0M0dQ==,RzBzaEBmODEzXCt3ViEyXQ==,ezRUZGsxIjl0bkBwLFtq,XCdUP09MWTEwVERLcWZXMA==,JT9ITGNdTDE0ZyRxPj1eeg==
Ny4yeD8zakZvciBtYXplMDIuanBnXlxGOXQiKA==,bXtzMiQ0XTEwMEwiQiVkJDM=
eC1lOShqOzdMMk0ydkR2,XmgqSlJuRTduXilbfTE3,X3lfLjRzRDExXy9iejU6bQ==,U01cXHVYITZ+fFk1YjNR,bkFxNVQiSTMnW15fZStd,YmBSPHBWOzEwOHcmOSJ7eg==,NUxnWWImVjZWaUp8QVhj,L2ZVYiFlXTcuJj9yNlV1,OVU8N3RzezN+JXQyJjEt,RzRQZmM0OTE0Ky5ZLSFJSA==
UCFKPCpJSDVEZC95PV8q,MldYTyVdOjVpO3tTN2Fm,W210NS1WRDExQ1ZHTGQ0fQ==,NEIzOkFrYThuImsySEdn,K0pgTlx7SjA4aTlTalZw,QCt+QVcncjE0RWRha1Qleg==,c1NTekhcZDlVdDR7ITc0,bTE+STUpazhvMUlvXkZd,QGkwTDIiPzBYKF1UamEq,ODIjel1MOTE0OWVZI0M9eg==
em85fmBkXjFcNWBlOWw6,cXJSLSonVjBqLUN6UGg6,QGhzfCQnWzEwN3BZLFMpag==,JDY6TShIcDE0NEArVDlLVQ==,d2U7KXJzNTEzXUhkOjNCJw==,LSgsSzJuIjExJkVhUTZCQA==,MTsqdTFtVTY+PU4pfSpH,WT5gcy9eJDMmYzRQcHta,ZE0uUndFXTgzO2NpIWF1,LHApNX5BdjE0W1hhaGVyRw==
Qi04Wzl+fTEzemxWbzBtcg==,UlZnYHV9WzVfPzQiVktQ,XFVaPnNiUzExfUowYk9mMQ==,ZSleUlIqMDIiJDZlRSJp,WStBL1RDTDE0XHZ+ZzUwRQ==,V3ZJcTFYfDMtZm9Nfj9S,ayovQD16IjghX1hgNkpB,PUIqVHE1VDAxVik2PT8h,a244OGJJZjEwc2slcmtrMg==,K1FdKEV4XDYiTkl5dmte
Q0NYRGtRazMzYE5+PHBl,XDZrIyc4PTBmNlxFQnNK,TG5oWiMhKDJyWjdcWS54,PEVCeEMqUjg/VGdjZHdW,I2MuXDlabjJvdnhiU2Ve,I3txRzo4QjEyKj1TRGtoIg==,RXs1InVTSjExKEVIMFhIVw==,NH5ndm52WzBUVDVIMDBv,MlByZXpCZzE0SXglLEZAZQ==,MUxhMSFFTTEzPV47VTNXeA==
R2c5XDw9bDUnM1gnXnpr,Q35NTVIxNjV7JDNwQl06,SGV4cGFLejUlYmdoVD5Z,MkgxR2ltKjExU2hLLDNIPA==,d2YjWXwqcTg2MGxMZEda,TGFSSS4pLDE0eGdKZ1hEWw==,PyIzXWcoejExJXFfMVwhbQ==,RyRYJ1lhTDRZWl5+P1ZC,W2AofXc9dDNHQGFiN3A4,fVhfI1l7TTE0MD0oXGZnVg==
NyUjcDsxbjVjQyMlXmds,RlczI2xoOjV9YTB7JDRw,LFRdPXwsJjVVSkNIOjZY,Wzo+RWdsbzExTSMyamx9YQ==,ekN9ajk5ITEwYlwwI35TQA==,WUFJODphVzJ8SixjclFu,XGZVdTFSfTJiQnZ5OEE5,KmAudjAvTjhJfC8+PSIi,Qm8kcT0mYzghO0ApNyJv,bytFN34hQDY+JXR8VXdW
L0V0alJ1MjVyS0ZPbDZo,cCZiOWZqVzEzWE57QXhDWw==,R0krU0AxSzFMRjUoKjgm,aTJ+MSJgPTZAWixYRGsr,NlFJbitKcDExKEp5ejxgZg==,TEhAayNKITEyMjBOQSovZA==,amR3PD44aTFKQVkqWjFi,bi5Wfng+MjY4NTd5WnRW,LlJePWlfdjM9Pi9WKzlZ,PksvJCg2JTEyZ1dRJUQleg==
QGp4IUphfTFFMUEjZH5C,SVdNVXIyfDYpXWVZTCdL,N0A4U2NTZTEzRXUrVThhew==,MiQsPyFOXTVWLzFjaWBk,Rj85dG5uTjM4Q1d5O2hn,c1hOeng4dDEwdjVOWUF3eA==,WmskXVdPNzQvK3Z8VDtT,VHt+RTpITjVZbkY1NG49,blNhNHteSDFkTCpKJ1p+,KGk4byhDbTYhZ2FMTnQ4
dkhKYW5gWjEzdDlASV9cWA==,fnB5eW8lWzldSEhBJyVx,LjFwK2I7azE0SCc5eTVCSg==,aS8+MHRNPDEzczs1MjRrJQ==,e0V0NDg1ejEzLnhkUiMrdA==,bzxVdHRzIjExdVdDXXR1Xw==,eW18ZEAuRjEyRFB1eUVhXQ==,UWoyIk9IQzEzPGtRK1pbRQ==,Q1ZhZ0FvUzEzJX5HeT5NVg==,JyJxfXdkcjEzcjZwVS5ESQ==
NEZrcV1zMUZvciBtYXplMDMuanBnVS9rS29NWQ==,bmtBb19hTjEwMEdMN3AxbHc=
VnBCVGZNSDc5KXxzQTlH,JyUrNklsSTExOVg+UkY1Vw==,ZihjWmglVjJZUjZXRX05,KHxKJT4pJjE0cV8wVC8/PA==,Q3ktUExJdTNsYihoOHc5,Ymc7ZF5sXTE0OU9ecWR9Ww==,OGh4SUdOIjNULjxZKS9R,bGM3QFc3NjJ2XyZ5NSxN,J0ZhTG4/LjJAQkNHbiU5,dHFibS1TfTZVUTNAPk81
SW54Um5xNTVUPF5nPW59,OyMidCxiSjExc3YnJzwtdg==,WlpMent1UTBeallbcjE0,JlNYX0VARDI7bXJeNmkr,cVB5X1ZzKzhqdSE/fjZX,PU97OSd9YjJvZFNCRUxI,Kig4anl9ZDRQeTwpeUAj,ZlxjY0BubjEzVDcrMi55fQ==,YXM8R20kNDEzdGh0eGNAQQ==,VDckSHBgSjVFZmU2JUJ0
OUtSaDtAezFIPDw5dURG,TD55RW84KTEwNn55OyM9LQ==,RGVSeyhjLDEyVkk4UGcsPA==,VzQoNyNodDEze1RAI1hEKQ==,P0pqRFVGdjExXT9DO05EWA==,Lk94dT9nejEyeX03c2xHcQ==,dWBXbiN9MDlcfCc8PTFD,Uy4wNERgMzIiW0ouZ1VN,J18/P1JOKzE0dl0vLD54Vw==,angnUk91djVVans3VEVg
cGh3fEglUTEzXyRiP0BqXA==,LXdYfklxUTExal1qWzlDUA==,eShgPXIhLDYvciJcU1sm,K2lTfTxBZTNmbVd3TXMp,WCw2MTopfDJMWjJbRWJ7,b0JnQFYvLDEwQV1pblxteQ==,dTZYYjNgYTEwJDVWKjQ8Xg==,NTc1LUo/PzBjbyRBV0N7,b3tPeHpoITE0Uz9lVDEqMg==,fl19ZGttZDVmanpGZnVH
STVTNzF3fTMnSTRDflgr,SnhKJF1EODEwKz13K0xVPA==,MiJiMDhWeDgqLDMhSixf,L3dNWCw3JjQ9KGdBImJt,SSF7aFliWTEzWnt+N00pfQ==,Q1BCYHVmPDNYdyNBLGFq,eFE4SlU5VjEwSidEfHRAPw==,PzMlMHpGazB7X2txejc1,c2V9fD5oTzE0fGMvN0kvaA==,QnFpR1xHZzVwdm4xQD87
MXJoVFJ0ezEzPzpdPl49eQ==,ZSkjSk8zSTExbCtdaH45cQ==,VEJPfTVvMDEwajNYNSVkPQ==,UjdiazxiNzRlYjt9bDh3,c1dqTi5YbDNZdShUcEV4,eDM5QzFyLTEyXl9+XF1RfA==,dlU/fjhQbjExfnUmO1J6ZA==,fFJkJyMsSjBwUCFMXW1t,Nnx9THI4PTE0ZjA4TXp6bw==,IVgiUHlnWzUuZGAjVllx
VlciXGlpJTExe0kzI1ZPaA==,UnFbWEluTTEwO3tcLXx8LQ==,QDJpWFdgeTJ+N1BEKEVh,TDwrKXRcTzRQei5vJDdb,P1B5Q2JPWTUhOnA5fERa,UChTYipoOjdSYnwzdFo4,VnpaPGgpTTcic019a2d8,JlBDdExecTFEQlByJFdo,dXQvYk1AaTZrT0QpbGo8,cD06PD1YPzEzMS4kdik0Tg==
d0omcnM0eTNaMndYVlo4,QyVlImhbdjIyKHd4KVZt,KzF5Lz1jVjQvaW0/cm1h,ZGhTaUYpajEzLXVoKjlTZA==,aylALlhqLDEzc0slMUVXWQ==,RWFZXyRrKDFKfmJVfFdy,WntuOnlnSjBqZUAmI0xW,aW5aST9CajRSSHw2WHE2,TF1IfG5Xdzk9KyFaKn1V,JFIlIUU+bzZPN1ZHX1Ns
cDhNSiR5LTEzOVU0e31WQQ==,akJLV0M+ezUnbk5ZdS19,VWQ/UCQwTzEzPUtkPlp2Ww==,WSxGQy4lTzExKkc5VUdDPw==,ay8xS2JuVjEwUDJ3P0h8JQ==,JThadUh8UDEydEwoQihbaA==,di0kYDp0RzV6eUt0Y0Fd,Tlw4bSZsRTUjXjFyRjlJ,NWt4Kj5zPTExWVxoJSdBcg==,cUNFaU1DZzRmSUBST3VX
NnpGQXNwYjExR0hwM1tSdA==,bGNcJDNTOjEyMlEiQ3BbfQ==,J3tgT0B8YzExb1VAS1c/Tw==,aXA/Nn5BNzEwZH1HP1BQNA==,X3Fndm9teTEwUl1RJHhuQw==,b11MYFgqTzEwdyc5dD9hUw==,UXVbOWR2fDEyfkt7cTNLOw==,UkkqSVY0VTEzUHNcSE9CXA==,W101TVZKXDExWSJpaz9tSA==,bSpoMzlyNTEyJEgkbi4leA==
VnhoYiRZSkZvciBtYXplMDQuanBnUGQoS153bA==,TW9pK2ldaDEwMG4yRyY0U08=
PVYkcUtxSzdjMz4nYSRk,PEg9KzBgIjExWCheQSU7aQ==,V1JtOV1+STIhYCEoIiVC,Lmg5XlolTTEwdEpWIUA3ew==,O2pLR3ExTDEwMTBCN0BCXA==,fX02LjowJDEwfWdYYXQlLg==,OD83e1ZVVzY/ZDxPZz1t,IWAuX0VHNDN3PDxibjNo,SjZ5MC1eWTE0W0Z4Zy87Uw==,MEArJkAhZDdaW0RMRjZM
SjJxcCY/JjVeZ1RXTS9a,elx7OC1Bazd2VGZdeFBq,M3V4TVcxWzEzcXN2WzdrQA==,czExdjxFRjdCW296S1g4,fkFGbClPMzc/cXs6ZThb,IVcqPHBuczExJSpgfCM6XA==,Rl9AW25dVDBpMlU/bjRL,IVMhNWolcjRae3NmVihX,dE1PK3RSWTNZTEZ7V0kk,a2dpYERSIzEyZ2ZDNjxDRA==
cUJBSkRjIzFoPEd3LiJQ,T2lCYzFGczEycVRhc2ZIUw==,Tk9wJjtWdzd7ZnhSNnN3,XywpaUdNbzlCeW50dG1+,NHQ0ODhKZjRYKXhFRFYw,JShaTTNmRTd8TW1DUyJC,eyd4SVEufTEzLEVaLkQzNA==,dzRdKmx6QzV1KW9wbkQv,ay5fKiQ8TzFLcVolQ2VX,MDQ+bzNPLzE0MiMyeX5EVQ==
cFFaLiFVPDFpZDRvSF5l,PXJqaWp2PjE0RytTQz1KaQ==,ZENcVDEiPTFgN2RJfjVL,N21aSm9KMTZVKWhmOiZz,amVJJCRlazFCMShEXl1w,Mj9CJS9lPzRgZUFwRVdT,YVBkXygwOTc2XXAoVT9s,QFFqcjBsXDUyXEU1MHs4,WXUiK3d4ejUsdTdlfWJi,bnI0TSYkLDczNUA6Nzsn
UG83X0BRUTFRSy0kWUt3,Ll9dVjZUYDE0MG1TUmJrbw==,Xj9+eFdWXjEzJWFLIXpcbg==,fXhEcz1xWDVROSlAP2p6,czAqeVZKXjEzbzFfMk9Obg==,fEc0JltleTkufCpUIzRh,ezNAMjo/LTAxV0xZITQm,blN5aFhuJThUakFyQUln,dE4sdERaJjh4MlVUMGp2,cncoaDRvUjEyWE9lMXJtYg==
cFpPJyEsXjlvdzEwTDUy,d0NcME5jMDEwQyZDOmU3Kg==,PSNzRnYxUjZ7bzk+RU5q,YGx8ai5sfTl+IUlqT1de,ZmJITmJdNDEwLUlIXyxiJQ==,aEo9XlNLODJRamB4R1Q+,Lmcsc1p9PDhQPEp2TjQv,VHErZnJ+JjI0UCYwTz94,WlUibldoVjEwSyY6cmdTKA==,bH41KlphVDE0ZXZSe315JQ==
OX0lKkgicDcsPktWb3FX,TXtzL0tEezNBfTA2NH0r,a0NUQndkVDRfJnNCN3Yu,Yml1STwlaTdRakJyPU9Y,R35lfXMnXzExKGNoYFdEMA==,Yld0Ki5WdDEyJWJKQEBDPQ==,YTgpJHo9dzcjXkdLbVFH,Q3hDdydIcjFZT2d1TkpD,QmMyPy9pQjEwejZiUXdSRA==,JSo5M1xRZDE0Yz88RjBILQ==
KiF5TEInazlzLzlAX0Bv,Zlg2IXNPRjRMUEhNTS4i,YERDP0MrJTEzWWBKZW5DJw==,aHkvL19pZTldL01SPy5n,WyoxVkltWDEwLF1EPnxTSg==,d15gem5wfjJncWNqMFlh,TS1odGR0STgzNS99O284,S0x8SEltVjBYJE1ja3ou,N0NFVVcxMTIwcXMvOllz,NDBxd2ptbzE0MGFLImQhJw==
MUklLVFxQzMwUzkzdGI0,aUBMfWFNbTAkWT5CVFYt,X09bcipMdzEwYFcqZElndA==,M1l3cy5SfjZoKkpmNSxT,VT8qPl44TzExJF1gRF1BJw==,S0o5SyNbbjQpNi0oOD1M,YSosVUoiXzExRnYkTkErVA==,RlVKcEUzUDEySXc3SE5bOA==,cFUhTS14YzF0LllLdjhO,WW1vRSt1czE0WGtse3FcQw==
a35Cckd1TjEzaz4ye3xiMA==,SUchWHhlZzEzLERwY2krSA==,MiIoLTUhLTExMWZAKDEndA==,fkE9JkpALjgxPD54UlZ1,dnwuV1l+ZDEwKUpWRWdoTw==,eSlnMDlxZzglWiNNaXUm,Rjk/Ok1BYDEwWTpaQF5iRg==,Umw3ZVxITjE0SEZCbjlVPg==,NXRMN3s7JzlpTjBPNy95,JCpIQydrRjE0XF0jfSgwIg==
TGt2OFhyKUZvciBtYXplMDUuanBnQ2omV2BLXg==,NCMmQDFZSDEwMHIhVmZnRTM=
WD9XbXJMLTdsWndMaiVY,WVgsWX1qYDMwbktnOXxO,dHp8dUhRczEwTzpSJ1EkUw==,WFo2SGl4djE0QClfOm5DNQ==,Xk9AOlBKJTN6b1xROiQ0,KyN5Z1d6QTIySUtvUlxX,fGlOI1UnQjEwPiFfUFx+Iw==,R3stbj9vRTE0MStnWUVUKg==,dGI/byhNWjExdDouNUF1SQ==,IUEzJV16RDYuRWtTbHlT
RTd7eUpLJTUiNilTWUh9,SChcbD1VTzFHKDJaY0Uw,Q01cS207QTE0QFxNXkZfWA==,JClQeHJeOTExJ3ByMl91Tw==,MTAsWGBdWDR4ampqQDEn,JmNqRzRnbzk9PFk+blJW,ZFdOVUVadzZBfnYlNXxi,d2F2WkFRKTExWGBbVkpDNQ==,bHVwTj8rKjEwJUs3V1VYRA==,Xjg5PFg7bjQjKj8uQCNj
LmNWTUxTWDErPF5Iengi,MGQ0aTlLVzB1LyNmSlYl,PS05alJtQDI/SVtqaXd7,W1pwejdSfTE0IWFELF92cA==,bno7elg1SjEzbXRnY2Zcew==,O3JPND48PDExSEgkYEhlew==,YzIsdjJBeTBhIkVwL3U4,XWc8LVdAXzE0L1gxU0VebQ==,TWprcXkvIjM5RCVTJHVj,fik2WnUwejEyIiYuRixddw==
VVFVMG9SLjUwMD9vfnN6,dF5wNnhrYjEzSEoqLV1QYA==,Y3h7S0tDQDk4XnY5a09F,dnNfMSlzPDJDLloxWFIp,OXVoRjFLKTEwekp8bV8jOQ==,PGJ2UT4obzEwOWMkfS1UMw==,cGNlcCZmYDRlMkl5QS97,Wl5eVFs2WTc+LjBTQ0l9,V3pYamhWJjUmUXlwfGIr,UFFefXdxYTc1KT0pTXI8
T2FwS31FQzlCMSF6JFhO,anhMMFsmajE0SVxBaTlUMA==,SE1uRilGdjExLiJkZV9vUg==,LWl8eEF8NDEyelo7Y0RsVQ==,UmQoMj48XzMjXFs1Uil3,YmdmbiU4NjEwQWBZQUx+OA==,QXRRY2dMLzghM2NOL15d,dk9QKjNuKjBDKyZuPElA,Jj5abnh6PThVcj89Ii9j,NiQ/OzBKNjEyUyZnOmdrJQ==
bjsrelxwPDExRS1MLl5OfA==,SlFQQ00leDZ4d35kNSMh,YmBrM0hDYDExTiMhXiNyRA==,UD9CT2N7PDEwVTNzZjNlTA==,QCM2LUpoPDEyLihVOG8hJA==,bilmOGYvbTc8J2ItPz5z,YVhqMFtzWzExcnclQz17PA==,XSF9czonUTRfRlQkIytT,QHkyKkRUQzMuVFIuVExd,Vz1tITdfTTE0U3pYe1ZhVw==
ZUhrQzRCeDExXHxjKm8vVw==,QCZnaX09XjAnemxWVFxG,cCVgLD87cDEwakZUJnhzQQ==,c2w0MmthbDEwbjxsTm5ZQg==,czJbPTU0IjZfd0IlTmpV,TnJ0cHEsWjFHXm5wKmMn,d3JJTVA8ZDJyTkUyT244,O15iOjdgJDAhMkUsd1BA,NWEydiFceTBEJW8iLCo2,cHQtaCpKOjE0fmZsUUleTA==
anRfYUcvdjExYHpIdFB4Lg==,Z08/Nmt4WTEyIj4iY1tXVA==,ZWx4NExlYzExIUFMLjdgeA==,aTliWChSSzIhZy9gJHUy,YyZ0aX1rRDBQZTNLOVVn,d2ZDZVlYbjQtYWtsT0Mp,bCgyREk6ZDVdM1x9dVly,cUB5PzpCXDEzdVIuZWtDaw==,LThudHdeejk2T0UpbHA+,OFllKFRWKzY8WnpETWZ8
TX5zfl8hSDExYn5FYTFgdQ==,Sl9qck4zVjEwRzl8aVlOaA==,bWJzbVZ5WjJQJV8yJU1Q,SG0mNEN5TTREOG1fPS1v,QUwzOHBLbjEzJDxHQS1OJQ==,Q0FKeHAhaDVZKD5wXHJ+,VHRlRDJvXzEjSWs/aDcz,bFwvazd7OTJdRzwlcUBM,Zkxfe3ZeMjY9c0Q0Vlte,NUJEYSpOQDU4OiMqXHk0
QVwsMm0nJTExI04hKnk+PQ==,X1QuUkRuMzEwcVxScW1XWg==,LitcT1svJjEyNydLWXc2fQ==,UVp0Xm5IYTEzRXZsYE99VA==,LWszXEB1fjExXzdISGxALQ==,Y30kTWdyKzEybUtId3R2Vg==,d1tRbiI6cDEzQFhldyprdA==,KUJcTj1zfjEzI3BkWGVpPQ==,OH1weE1jUDEzVVM9LE4scw==,Jz5KM3IvLzEzN0dTOitoIg==
XXt6KUVHS0ZvciBtYXplMDYuanBnUGdZPUo7fQ==,LEJQaFRYMjEwMH1UNUI7WH0=
Rj9zQ1wkMTdNSU5SW0At,O35MYEU3TDNZVzJwcSVL,WVA5RWdJWzZzMGMzNzVh,LjBCP3lGTDNZfFo2I2VE,dCdQLlNzSjZRRDhLeFFG,JDxVVC9kYzMyRSp3UnFz,fEN5M31fXzEwXDRGSF4yVA==,UztCWS5HezI6WSpSaVMp,ZT4oY3VnYzEwa1NuJT1vdw==,OFs8WWE6WjYnbHcobVNa
W1FLSyE+LDF4IUNbdk44,SikiI2UhfTEyOzFQQ1okXQ==,PzRWZyUyejlKVi9mV2Nt,ZW0/PmppVTEyUn1qakx3bg==,bVVUO1lFMjktTDYzTkgo,O0dqajA7bDEyfT86W3h9VA==,Oj5JMzZrNTNhJCkuSF0y,KEg8TGJudTEyXS8xKFAxcA==,MHZQJnwzfTcrUm5fRmhb,RnU0QEQ6IjVSSDImZTQ7
fmBFOTpOajk1M1x5eSss,UEJqTnx5OjEwSnZlSG9SUA==,KT87RkA9ZTEwaUJIVVFuTQ==,RShOQkFLYzYmeEFbMDVS,YjU+JWk4UzdxKXI0NTNo,a30tJCNuYjNsPnM7KThv,X2VaWV8uNzEyeGdSK1VxZA==,bD9yWlxOKzExfnEqP00lbQ==,bklIZz5NajR7eG1yVFRR,fnBCZnQwSTU9Sy9lQi9l
PkhBfn5lITMtOHVlYEtb,e3lSdX1mYjZFdSVfSW9F,Tmd5M3hNazNmQ3J6VGk5,WDZ9IUhAOjEyMW9aW3FcLw==,XD9kXTRaLTVFXnVTUGNW,OlMsaV5+OzltbS10ZExv,WWQ+PHZLLDEwNF5cKGVaPw==,X1h7S0tFIjYlVllRNkU3,TnNUNC1fKjUhU3RAKE8h,LSRubyt9KDVtdnVZa3Bn
OEEtbi1rOjVAOlE6U3Ju,L0J3OFd7djk0VjRJal1u,fkhdXidiUjhKMHdNVHAh,ZixsZTdcOjE0b2dCSkouaQ==,bllBVDV9azFtSDxGNWBO,c1hfeUB6ITJrKVswQTcu,O1FpXi81QDE0KjhcW2tXcg==,aC5VRGY5ZjVSSDFpazQx,RlB+OFNbPzFiJ2JVX2VV,IidBeExsfjEyNGQ+UDQpRg==
cU99XjQkbzVgfmdFU1VO,akxTS0okaTExfjd6WT84WA==,JXN3NGVLSDIkUXB8fWtw,eCVOe29mLzJMLmwmZjRd,aiFObHokQjEyczFDTGEoKg==,RypaYzJxWzVTVShHVzpe,P2Q8aG9rMTN+NXBiWkdD,WVVwamxkbjEyez9GcnVJQg==,Vz45fCVMXDUvPUhMPGlg,c3RHcnJCPzd7LTRtVTRO
UH1qR1FLSDllR2twPmRx,WidcXiI/IjZqSWcyYDJ9,aH1ab1poOTVlJCkqXnl+,ZzVcezg2QTVee3UvVlYm,TVF5QGtXMDExejtbclV2UQ==,UChoRGx9PDRdXClDKikm,OFpbQj9FezlOaSZzPj5e,Yi1zTWIyWjZ3WXZcZlEn,SWtET0J9STl2K3FuLSsn,JihKWE5iVjRFWzc5Lz5G
OVQ6SChXOTN9X3BFLEZV,aUxdayIwaTEyRVRMa3U6cg==,Izh0Vn4sUzEzSktudSVjeA==,MTVZSiFGbjkrUzg3Tipq,N0RsL2AmZDZcOllte1x2,MVxVV25LLTl+WCgjWz8r,ZlBYOWQsNzYxRmU1X2Jw,aHxPYXlXTjVienklOSQk,SHEtdUNSfTcyQ3haSC9h,XXF8LEsoWzUvbCp7bDwr
LkRdLzksejU5UDFvR31l,QnBOZUJiRTNreXNcXFok,aVJ5KSx3azEwK1RqVzRNNA==,dnRdUGF1fDYrQzFXcn0z,aks0bDsrQTU9Pk5rSHA0,bmhLVTRZVTExWzV+c0tBcQ==,NUd6U3UtKzEyM0RIVTU4WA==,IjpcSHpIbTUtIVYpM2xY,XWVodUdSdTUyTHZ5ejRg,KCxieTpidjU+Z3NcTV5o
dTM2a2NUUjkmVkJoaWlU,JlV+XjVrVTEyfnosfH4haQ==,akQ/ekQlXTExNHAoPE80Og==,fHd6bDc4Nzh4bywqLC1a,ZiNFOnl1QTEyXWI0ZGg7ZA==,VGxZMGpoUzExfV5idn5Bbg==,UipBeWphSTEwXHlHZS9xVg==,dClkI2pMSzEyT2lnaFwhNA==,ZyZ5MCdPNDlZTmIpPDw3,Lil0KzNodDEyPWQlVT5WRQ==
XkFSJmBWOUZvciBtYXplMDcuanBnJz9VWyw6UA==,QGZFQH1tTzEwMG9laE99L2c=
Qk0+fSw7IzMzSHxDVV9a,PmduWnRcWzE0MndGLCJYIw==,Zj56aCg9eTNuWidFbiNH,Nj1OeC5nRTEwPUY2SGx1LA==,bGtVJGErdDEwdWRRYToqWA==,blpEdVVdejEwJC1VViMxMQ==,cDkmLngwTDEwOzJ6QVwlMA==,Z106OH07VDIlQC8waWB5,b24iNyQrYzEwKkV+KSpzSg==,TidCeWV+ZzZPfHwzQjJl
TnY3bCRJdDU0ZkcrJjNk,JkglOnBpWzMzSi5xVzkp,SjtvTHBaazEyIkgrPEM+NQ==,cWVIXVM5JDExLXMpXjtMKQ==,MlRVYU4jKTY6YzwifChW,ZjYsKjdRLzNBd1BsTkBT,MzM4Uz9KTTYrJGNzKVUh,JEkzdl1caTEzI1xlaiU+eg==,OWcjXCtBbTNdSHlhKnJs,OHR7VjlzYzR9bkdnenZA
VFY9S1lFUzVFUV92VUIs,OTY+ai9TcjlhVWN9TiI9,Pk16SU0taTIsK10/blBt,OCE1Oy5FLzEwM2w+ci5ZOQ==,OUVKLE9gNjEyYVZuNWYybw==,Z0d1NVZeejVYKWI+aWU2,SDU0dWp4ezlhYkxwUiot,WCM7RTVvNjZEdHIsNGAq,aiFuRHJ8VjVkKGdCWE9d,RWtpTlF5OzEzJXRrQFhdIQ==
SFJRZ0x3dzF8Rj1sd25Y,Qz4qJE1cNTE0NWszdT5HfQ==,VSdsUl5tZDU6KT4pXTVe,NWpkaiF7fTM6OFsqa05H,ay9zJVd1KzYmZnhDcVQs,ejtCIS5iLTlGOlUiYTdJ,d3ZwNFFmejZSXSJJLnRd,X0BNdypWbzVpJXUlW11d,SHdLcmQ6QDlhaXIzWV4r,NmBkMUZfKjZ6OTdaZj1Q
W2otVVZcMTkhUX5yTjlZ,RkFOZH1jcjEwfSQwM1lqcg==,S353TGIyNjEyaU8sVGMnRQ==,O0VuNlBHbjVFXFVNaj5w,Q0pyLGhvdjlXYWJfKm9H,W3hPdDVXdDEwfnlBRT4/NA==,bn07cXEjWDEydjlvImB5Yw==,XUYrSiZEYzViK0VSSW5Q,MipAcXFpLTMia0dSKTIh,cydfZGUwczEySGN2fjEwMQ==
ZThmWm5HYTM0LUROYTBd,KlNlSyVdczEwVWBxVEZgNg==,ZCdZJ09PZDY1L3hNJi95,VTNVKUg4MjUoYjw6IiVP,UDJaSEB7MjcqRUtZS2l0,JkMlWzBbKjNKeV52fS9z,PXdGOkAmdjEwS3gvdzF6YQ==,RSpiZ1FKcDEyZytJYHJ4LQ==,biZLPkZmIzlGYjB1TG1g,P14yS35iYDZTNndSOiF4
MFY8YT16PzU8fGQseit0,LXdsMyZMRDExbVJ9alAzIQ==,PCk0TEJeXzgvb0ZaNEVO,RHVIMSR8RzEyXH5QdS9vKw==,VWBpazB4NDV2ZDAsczlY,PjwjTmJfcTV6ZkJNNF8i,Iy1SYSlBUDNgNzlAWTsq,UVtafU9vYTYmKiV1K0lL,MjBeb1lDLDMydF1oZEFi,bmdfLHI9VzEyLipOSFJOYg==
QVxJV0YqQTU7RUc3WipI,RWNNTGcsIzdqLVRqZzpn,WX4zXWZAPzNXSSx2Zl50,W21lL0NoPTEwNnJPOHJeRw==,WTw8MmxELzRAJCNdOi1N,OXx7eU5vfTVjSmx8cXgv,bUtjY3ovYDVKU1AxTDFL,QWZvdS8jUjVUaCI6bitV,a3x3fFklMTlHUyNobz1K,MUA2Yzc2bzY2ZyJQeVV2
eVJMcj5JcTVhQyYydCV7,RF9NdmlVIzU/KEpfYzJ2,OSFvLHNqSzkteTpeKVNk,fEVML1dlYTYjfXhHXF9P,Tk1vUzBWLzVqUCRPazRb,b3xuSFdCPjkrKmVWP3Y0,J11TQjddOTEyZlhjdTlEaA==,eWU8YyFYUjleYDQpZihi,RydFZGVbajZ1SDxzaG1W,JnZ3bllDbDVPQiFNYHN7
PmUpYzhmXTlfOjooRToz,IllFfm87TzEyIWVQT2IhIw==,IUJORzddLjExV2wzSTQ8aA==,fmA2XjRQPjEyXnkzP3ZOOA==,WGNcJXNiYDkhdnFgZkhD,SE0paU5FNzEwa3kkZGgqSg==,YDcqfVUtbTEwNCFyJG0hTw==,bi09UD5INzEwYm5pTCYqUw==,Z1lfPG55Rjh3eEVudkpw,dy0+N0Y1WjEyJXkrXFswXg==
SGxzO2Q1OkZvciBtYXplMDguanBnXWxtKDs0cg==,WzFqZHc8SjEwMCp2NyxrIiU=
UTw8bnRLXDMne349aSFF,UXxCL0dIPDJdYk9TI1JF,PnxQcmQ+bzEwJTBeNCVvTA==,L1BkUl0rJDEwPVxmR0MhZw==,Xnl+ZEwuJzEwcVcxOU1MKA==,UEhAWlIteDEwdik6aklAeA==,akJpLER6dDZGMyZ+PSZc,dFpjWipoejExRl4yQnpuPg==,Oi81KjcvLDJpczM8QkRs,fCkmbmZqbjZmeUNZYElI
QylnWnhiPDVhJzswX0k3,YDtSYmZASDV3Z1xHN3o0,X1BbTCh+bjNyeG89ZlY6,eFBbZS89XDEwI2syJ1QnMg==,VE5WayovLTEwJnhiPTxrJw==,LmVHdUc8QTZFSE9jV2tz,PWhHXzwmTTlHODQjbycn,VktWRjUtfTZIdnxnbnFJ,TWRDMWk4YzEzcC9qZGdkUw==,P3ZzPX5MZzVjME5HcE12
NlpBLm5pPDVSfVNWQkNn,LzE0bmhdJDkpRHotKFVQ,UDg/cmNtZjhEcFh4YGkn,IUNUeXFAazEwSCJTelFnRw==,VzImcU10NDE0V0lBLE5OMw==,LVBNQXI4ZTVDeTxeRSkv,RCRPaSpgZDNMdk1wXCJJ,NVlidlBpazhAdX5UZCJj,T3xsJUE9XjEwLys+ay0tMg==,PEFEKWNYVzQ5bHJxaGx7
cTRhPXZvajUiTk0pQXxQ,WUg6cGsxWzN8OCYwczlS,Rn5uU2BNMTZgbTR9Vjdk,V3Rmb0hIOzN6I0FwQi1V,eCs6azozdDEwRWwlL08hWg==,dV1deHhUajEyMlxGfVRqMA==,MlMhLTshKzEzMkIsaHVzZQ==,X3o+ViJCVDNBRFRMRExe,UGpHZXNxRTZYdFxcWUVD,ODdYTXxnezEzKWJ2Y2lzSg==
bTxBVDtgZDl0ZjNYXmJh,eEwrR3tVSjEyMTl6cy1UXw==,eCtNWXBtXjU3IztOJnQx,MSN5PzRSRjl8QnBNQzFm,fCYwR301RDEwJXtJXV10WA==,OHFQOkVsYjEwd3dhdGF0Lw==,OXEyT3NhLzEwbig3YSNWSg==,Zn1dZUReSzEyKzUmKzc0Sw==,eGhBJSN1WTlSJS5OIk1+,ZUlYZ0MlLTZiSjtcW2Jh
P2hGXlpbfDNZVy0wUFw/,MlF8cT5SRzE0Xj5qNXQwNQ==,TnUpKHFCaDkqPjlXZnk/,aFA2PT11YTEwNUtjQlpKbA==,aF4mLjRibjEwMWt5amI3Zg==,eTh6R1E6cjEwZDx3YDM3dQ==,M2B1fmwqLDI4XH4hI3It,LiRxYTdcPDE0O19GSCV1VQ==,WnA7MTxULDM0WXcubVlg,dDRnISlZTzEydDstYip0fQ==
JWZONX5HMTFQPSUodCok,Z1g9ekNZbjZBSk12djBU,bXglNFJ8STNWUClWXnhM,aGdvMTRcbTEwJVhOaywhcQ==,LjAhZyozMDIyXU9UamNl,UU9VRkNmZDE0ejZkR2kveA==,Xig2QTVDXTVjJHg3X0lh,cU13cjVvNzNGRT01UDlV,THslVSN7YDEyUyYzZm5eaQ==,YC9zcihkbzdnelRYOEpr
J0d5UyxYTjVIPFVAeE9x,VyQoRSYsNjliSFI/MFhw,PmdQKzNnNjEyKk1HOylHcw==,alUhI2hTRTdMeiUqN3M/,IkMjK3kxUDkkfkNTNm0p,LlNjZGw1YjEwLEYlcyxeLg==,YH5uI0QrVzEyKClzMFA7Uw==,cV1hXiN7TDEzb0kvLlJBIg==,K09jSSR2KzMtcl1XdU0x,LEZ4bmAjcTR1LFQ1XWpG
ZmdhWEguXjlVV1dIKFRU,WVVBcnRIKTYtNkF6cllQ,O1hZbkc1ZDNvOyR8c111,K3JbMTZdbzR6PHA7LSpW,fF5RcjluLTNaRGM+RVgh,NEItfDE7eTEwO3tvK2dQMA==,N2N1PG02OTEwOn17d3lzJw==,Uz46XjxgeTYtZnYnVkFU,ZjcjYHtvLTEzI2NNSSltYA==,QSJZM3Z+fTVsRyJNREVk
KU05V3JQOzExbiZYYDhBfQ==,I1ZYK2xHbThAVGdiXSpH,fHFvXDdjZTEyZ0k7UzpWKg==,azYtS04jdTlqRzBBYWk7,NyhZTTQxWDEyLStjOUtcag==,Ti1GKjFzXjExUS5IZVckeg==,aChcRzVAbDEwRDZyXksnRA==,bT8mNlJ6Pjgkez9WVms3,eXg+alhBXjEwN0hMaVtPLw==,N1ReLW8iIjEyKUVpcX5dWw==
K1FoPVhObEZvciBtYXplMDkuanBnN08yfHJlSg==,dSVFUVVDOTEwMFAzVSstKGc=
Sjd9UiVGSDNQe14+dUJk,fk8+al9oPjJUOkM2UTtJ,e1JGRUVWYTEwfmtpL0RDQw==,cnBmPzUuaDE0bWhHeXlxKg==,P1prR3U/NzNcKDdYZ2Fx,cmdaeXFjMzEwOHZxRVYvTQ==,elM+Z21oVzEwTGtoJ01hUA==,bmVvUlR5XTY3JkR8JVVO,JWlQOyV2QDExOzgoWzFEKQ==,eGRORSVQbTY5JHd1YDxW
OUVbU15HXTVrUm5ePXl2,aDFqO2dSNjV3ME5nPmQ9,TjZTMUo5XzExK2ludXUjbQ==,bVo4NSxqZDEwVDlZaCItOg==,VlFjU0JwXTEyNW9hSGY5dA==,V0khJSYhJTN+Oj1NJWFB,MW5fPnBpSDE0amk9e3ZbNQ==,XU0qUD1SIjlWInA5QFt1,ZXVOQVsoPDEwSDQ3bmM7XA==,PExXJjdBYjRxWk4+enoj
KmN6PEl9czUnM2E+a2pQ,UUshUVQ9XzkoV1smbVIw,MGk3eydGQjY7c1FjNz5Y,Z3ckdFBFazM5bTlTOCQi,T2BlbDMyPzEwckQ1c3xnYw==,SyNwXSRRbzgpU05DPF9M,JT9lYX1EXjEwP3lHKSMrVg==,SU9AY0xGYzEwZm0wVy0+fg==,QmxhNHRvODEwQGo+OVZOcQ==,VXgoO0ZEJzEyWl1YUDljag==
fiU9OSFeKzVgKUpELXV6,SH1eRD89PzNJWzklJmRH,KnNtdXd1KDRSXWBMRUpv,NXlhIUJJZjleYzlTekxl,cEwvRVpoYDZNNG19WXRQ,N0pWc21vaTNlSGJXTEVd,dzhPaHlsXDJKWTQ3PlZm,RHFmLj9+aDEwXFw7Xy5zOQ==,OVkqInFlNzEwZFJpbjAzfQ==,PXpdWTB5dTE0NC1lOlchPQ==
SiUkITtUdDVjREUxQmo+,dW1URCJjPTVmZlxAaVcn,dyg8VVVXTzV2NzlOR3JZ,UFI3bXF0SjN2bVBXdXA0,XGUiLidLJjEyQiMwR2NfUg==,IVE9OzNzajU3WyovWSR6,bCVlbzBZezEzZW9OQztPKQ==,ISp0Wzs2djNde10ueUYx,YnVMNy5vTzEwXkEzYS9ZRg==,SXFLe3ZqVjZSUi4rcko/
cmVUMnZ1KDUpX3NPYWlN,b04rOUJmdjVGJyFYJVNY,dF1FUE5CZTVHRGIybmJV,MklHcX5+VDUmaUZKdS50,ZWhkLi5rdDd+MTFWIiN8,WFdqbi0jQjEqJVlnJUNG,UmBrXVI6SDZYMEdiIlAh,dCFaNTgodDU6e3MtJ3Z3,ODI7ayl0eTNwK3RxLiIp,QDgwW3MwZjQyKkVSKSNS
TFpXW15LbTUoTTtAOEUv,NnxtdWssczVjLHJ3TStz,M0d7L1FUMDEzP1pXZzJqUw==,SyRgJ1M0NTUhZE1HYjBc,aWd5M15YUzlTbk9qZGVB,XSdleE1vSTEyJW5qPlxRXw==,dVErdmloaDVxSG9VSzc1,JFp3RzxgOzVoQDxdZjol,X1xfLXlwZjVSUyc9SSgx,R31kMS0oRDUuPHVJUnZ1
JS9iY2NTSzVxay12XFpg,YGVVJ2lmMjliPm1rS0R6,Tz97KWp7bjZZQDpVYmsp,Ly1HdT5HbDleOipmWiw6,ZHFcVSE4NzYkNS4zXVhI,K3QnNHhUWzN1ZDhXZF05,KXhpJXwxQzEyNCNSJVR1SQ==,Ml1fbGJfPzVhWmxuLGJL,QV41N3UmSzUpZGEwcHlh,aytWc0BGbzUhZzJrYXt6
QCkpJ1J9NTVgfGJDSVY6,NHEpeEZTaTd5U1xYSllU,IjNFO3JYRTlfUDQ/Tmov,dl85LG1FSzZCMj5CInZo,Yn1+dTBTIjVja3AsfkJj,WndHaTRiejkiMkhiaUor,VUpvaU1aQzEwb11NPSk/TQ==,UmhpYjBLTzEyX0ZBX0pGQQ==,IyFOK1VxLjVbcy1yR1gz,T146bUNYWzVFU25tajhu
PSVCSDg9RjkrSnNASFdI,Jlt9QT9IRThVOCUncjd4,QXM5QDY/XjE0NiU3TC5pRg==,NVEpZ3tOOjl1PS80bGtf,dFMyJzg2NTg0Mjo5bFZU,UnFRfmNbUTEweDtEMjlhaA==,a1dUclp8TTEwYFs1Pz14PA==,VkBwQFNLZTEwLClhZS9cPg==,Yysoek9BQzEyUGljLl8oOQ==,b0pjPj9FbzEzUDhyQG4saA==
JW9ebXRNQkRhdGUgYW5kIFRpbWUgb2YgZXhlY3V0aW9uVU1ZcG5bZg==,Withbi9JNjI0LTExLTIwMjAgMjI6NTI6MTRBKj43QmNN
